Sr. No,Title,Run Time, Run Time(Minutes), Release Year,Genre,Description,Director,Actors,Rating,Vote,Votes ,Gross (Cr),Verdict
1,Son of India,1h 45m,105,2022,Drama,A man's fight against injustice.,D. Ratnababu,Mohan Babu,1.5,1K,1000,0.5,Disaster
2,Ahimsa,2h 28m,148,2023,Action,A peaceful man is forced to pick up violence for justice.,Teja,Abhiram Daggubati,2.4,1.2K,1200,0.5,Disaster
3,Liger,2h 20m,140,2022,Sports,An MMA fighter's rise to fame.,Puri Jagannadh,"Vijay Deverakonda, Ananya P.",2.6,49K,49000,56,Disaster
4,Adipurush,2h 59m,179,2023,Mythological,Adaptation of the epic Ramayana.,Om Raut,"Prabhas, Kriti Sanon",2.6,132K,132000,390,Flop
5,Deyyam,1h 52m,112,2021,Horror,A family moves into a haunted house with a past.,Ram Gopal Varma,Rajasekhar,3.1,150,150,0.8,Disaster
6,Pelli SandaD,2h 25m,145,2021,Rom-Com,A young man falls for a girl while at a wedding.,Gowri Ronanki,"Roshann Meka, Sreeleela",3.2,1.1K,1100,11.1,Hit
7,Bharateeyudu 2 (Dub),3h 00m,180,2024,Action,Senapathy returns to fight corruption.,S. Shankar,Kamal Haasan,3.2,10K,10000,25,Disaster
8,Bholaa Shankar,2h 39m,159,2022,Action,A brother protects his sister from a mafia.,Meher Ramesh,"Chiranjeevi, Tamannaah",3.3,12K,12000,43,Disaster
9,Agent,2h 36m,156,2022,Spy Thriller,A rogue agent goes on a mission to save India.,Surender Reddy,Akhil Akkineni,3.5,10K,10000,40,Disaster
10,Meter,2h 13m,133,2022,Action,A man joins the police against his will.,Ramesh Kaduri,Kiran Abbavaram,3.5,800,800,4,Disaster
11,Adipurush (Dub),2h 59m,179,2023,Mythology,Ramayana adaptation.,Om Raut,Prabhas,3.5,70K,70000,130,Disaster
12,Double iSmart,2h 42m,162,2024,Action,A criminal's memory is swapped with an officer's.,Puri Jagannadh,"Ram Pothineni, Sanjay Dutt",3.5,6.2K,6200,22,Disaster
13,Mr. Bachchan,2h 38m,158,2024,Action,A fearless tax officer takes on a powerful and corrupt tycoon.,Harish Shankar,Ravi Teja,3.6,5.4K,5400,10,Disaster
14,Uniki,2h 10m,130,2024,Action,A village girl fights local thugs for land rights.,Rajkumar,Ashish Raj,3.6,500,500,0.5,Disaster
15,Acharya,2h 32m,152,2022,Action,A social reformer protects a temple.,Koratala Siva,"Chiranjeevi, Ram Charan",3.8,5.4K,5400,76,Disaster
16,Bhola Shankar,2h 39m,159,2023,Action,A man protects his sister from gangsters.,Meher Ramesh,Chiranjeevi,3.8,9.5K,9500,57,Disaster
17,Ugramm,2h 20m,140,2023,Action,A hot-headed man gets dragged into violent crime.,Siva N,Newcomers,4.1,180,180,0.3,Disaster
18,Ganapath (Dub),2h 10m,130,2023,Sci-Fi,Dystopian boxing hero.,Vikas Bahl,Tiger Shroff,4.1,18K,18000,8,Flop
19,Tiragabadara Saami,2h 20m,140,2024,Action,A man fights for his love in a factionist village.,Ravi Kumar,"Raj Tarun, Malvi Malhotra",4.1,600,600,0.8,Disaster
20,Alludu Adhurs,2h 29m,149,2021,Masala,A man fights for love in a family full of goons.,Santosh Srinivas,S. Bellamkonda,4.2,800,800,1.8,Flop
21,Skanda,2h 47m,167,2022,Action,A fierce youth fights for his family's honor.,Boyapati Srinu,Ram Pothineni,4.2,3.5K,3500,58,Flop
22,Bhetala,2h 15m,135,2022,Horror,Supernatural events in a forest.,Suresh,Newcomers,4.2,100,100,0.1,Disaster
23,Kothala Rayudu,2h 20m,140,2023,Action,Man challenges local rowdies.,Sudheer Raju,Srikanth,4.2,250,250,0.3,Disaster
24,Selfiee (Dub),2h 20m,140,2023,Comedy,Clash between actor and fan.,Raj Mehta,Akshay Kumar,4.2,10K,10000,6,Flop
25,Buddy,2h 15m,135,2024,Fantasy,A pilot and a living teddy bear fight a global mafia.,Sam Anton,"Allu Sirish, Gayatri B",4.2,900,900,2.5,Disaster
26,Batch,2h 10m,130,2022,Adult Comedy,A group of college friends deals with betting and romance.,Shiva,"Satya, Neha Mahajan",4.3,100,100,0.4,Disaster
28,Ramabanam,2h 26m,146,2023,Action,Siblings reunite to save their ancestral village.,Sriwass,Gopichand,4.3,3.1K,3100,11,Flop
29,Romantic,2h 15m,135,2021,Romance,A young man enters crime for love.,Anil Paduri,"Akash Puri, Ketika Sharma",4.4,900,900,4,Flop
30,Inka Evaru,2h 00m,120,2021,Horror,A spirit seeks revenge on those who wronged it.,S.S. Mani,Sriram,4.4,100,100,0.4,Disaster
31,Macherla Niyojakavargam,2h 15m,135,2022,Action,IAS officer vs local politician.,M.S. Rajashekhar,"Nithiin, Krithi Shetty",4.5,1.6K,1600,15,Flop
32,Atithi Devo Bhava,2h 10m,130,2022,Romance,A man with extreme fear of being alone.,P. Nageshwar,Aadi Saikumar,4.5,300,300,1,Disaster
33,Organic Mama Hybrid Alludu,2h 25m,145,2022,Comedy,A romantic comedy between a farmer and urbanite.,S.V. Krishna,Sohel,4.5,250,250,0.5,Disaster
34,Geethanjali Malli Vachindi,2h 30m,150,2023,Horror/Comedy,A film crew faces supernatural events in a hotel.,Kona Venkat,"Anjali, Rahul Vijay",4.5,250,250,1,Flop
35,Shaakuntalam,2h 22m,142,2023,Mythology,Love story of King Dushyanta and Shakuntala.,Gunasekhar,Samantha,4.5,6.9K,6900,20,Disaster
36,Rules Ranjann,2h 28m,148,2023,Romance,A man follows self-made dating rules.,Rathinam Krishna,Kiran Abbavaram,4.5,1.1K,1100,3.5,Flop
37,Shehzada (Dub),2h 22m,142,2023,Action,Man learns true parentage.,Rohit Dhawan,Kartik Aaryan,4.5,12K,12000,7,Flop
38,Appudo Ippudo...,2h 15m,135,2024,Romance,A man gets stuck between two different timelines.,Sudheer Varma,"Nikhil Siddharth, Rukshar",4.5,1.5K,1500,2,Disaster
39,Dastard,2h 15m,135,2024,Thriller,Man seeking revenge for his family loss.,Suresh,Newcomers,4.5,100,100,0.1,Disaster
40,Kanguva (Dub),2h 34m,154,2024,Fantasy,Dual timeline: warrior vs. bounty hunter.,Siva,Suriya,4.5,15K,15000,18,Disaster
41,Mosagallu,2h 10m,130,2021,Crime,A brother-sister duo runs a massive IT scam.,Jeffrey Gee Chin,Vishnu Manchu,4.6,1.5K,1500,2.5,Disaster
42,Butterfly,2h 15m,135,2022,Mystery,Saving kidnapped children.,G. Sathish Babu,Anupama Parameswaran,4.6,511,511,1,OTT
43,Pizza 3 (Dub),2h 10m,130,2023,Horror,A haunting story continues with new twists.,Mohan Govind,Ashwin Kakumanu,4.6,900,900,3,Flop
44,Tejas (Dub),2h 00m,120,2023,Action,Female fighter pilot’s mission.,Sarvesh Mewara,Kangana Ranaut,4.6,7.2K,7200,5,Flop
45,F3: Fun & Frustration,2h 28m,148,2022,Comedy,Greed leads to hilarious situations.,Anil Ravipudi,"Venkatesh, Varun Tej",4.7,2.7K,2700,134,Average
46,Spy,2h 15m,135,2022,Action,Investigating the mystery of Subhash Bose.,Garry BH,Nikhil Siddharth,4.7,2.5K,2500,22,Flop
47,Ghosty (Dub),2h 10m,130,2023,Horror/Comedy,A policewoman battles a ghost.,Kalyaan,Kajal Aggarwal,4.7,1.2K,1200,4,Flop
48,30 Rojullo Preminchadam Ela,2h 20m,140,2021,Fantasy Romance,Two people switch bodies and fall in love.,Munna,Pradeep Machiraju,4.8,1.3K,1300,1.5,Average
49,The Warriorr,2h 35m,155,2022,Action,A doctor becomes a policeman.,Lingusamy,"Ram Pothineni, Krithi Shetty",4.8,2.1K,2100,25,Flop
50,Ghani,2h 30m,150,2022,Sports,A boxer's promise to his mother.,Kiran Korrapati,Varun Tej,4.8,2K,2000,6,Disaster
51,Katha Kanchiki...,2h 10m,130,2022,Horror,Revenge of a female spirit.,Harinath,Adith Arun,4.8,150,150,0.5,Disaster
52,Ginna,2h 14m,134,2022,Comedy,A small-town guy gets into trouble with a local ghost.,E. Surya,"Vishnu Manchu, Sunny Leone, Payal Rajput",4.8,3.5K,3500,4,Disaster
53,First Day First Show,2h 05m,125,2022,Comedy,A youth struggles to get tickets for a Pawan Kalyan film.,Vamsidhar,"Srikanth Reddy, Sanchita Bashu",4.8,300,300,0.5,Disaster
54,Veera Simha Reddy,2h 50m,170,2023,Action,A son seeks revenge for his father's death.,G. Malineni,N. Balakrishna,4.8,6K,6000,134,Blockbuster
55,Aadikeshava,2h 15m,135,2023,Action,A youth finds out about his true lineage.,Srikanth N,Panja Vaisshnav,4.8,1.1K,1100,5,Disaster
56,Popcorn,2h 10m,130,2022,Drama,Two strangers get stuck in a mall lift.,Murali,Avika Gor,4.8,200,200,0.3,Disaster
57,Jilebi,2h 15m,135,2023,Comedy,A comedy centered around a chaotic road trip.,K. Vijaya,Newcomers,4.8,150,150,0.3,Disaster
58,Mix Up,2h 10m,130,2024,Adult Drama,A story exploring modern relationships and intimacy issues.,A. Bharadwaj,"Akshara Gowda, Kamal Kamaraju",4.8,1.2K,1200,0,OTT
59,Love Me,2h 25m,145,2024,Horror,A man attempts to date a ghost in a haunted house.,Arun B.,"Ashish Reddy, Vaishnavi C",4.8,1.1K,1100,3,Flop
60,Inti No 13,2h 10m,130,2024,Horror,Haunted house mystery with a historical secret.,P. Rajkumar,Naveen Chandra,4.8,300,300,0.5,Disaster
61,Lacchimdeviki O Lekkundi,2h 10m,130,2022,Comedy,Bank employee involved in heist.,Jagadish,Lavanya Tripathi,4.9,120,120,1,Flop
62,Gandeevadhari Arjun,2h 15m,135,2022,Action,A bodyguard protects a minister in London.,Praveen Sattaru,Varun Tej,4.9,1.5K,1500,13,Disaster
63,Raghuveera,2h 20m,140,2023,Action,A man fights for justice against powerful villains.,Suresh Babu,"Srikanth, Shraddha Das",4.9,100,100,0.1,Disaster
64,Kabzaa (Dub),2h 15m,135,2023,Action,Rise of an underworld don in pre-independence India.,R Chandru,Upendra,4.9,4.0K,4000,8,Flop
65,Nenu Student Sir,2h 10m,130,2023,Action,Student fights political corruption.,Rakhi,Bellamkonda Ganesh,4.9,700,700,2,Flop
66,Lacchimdeviki...,2h 15m,135,2024,Heist,Bank employees involved in a robbery.,Jagadish,Lavanya T.,4.9,120,120,1,Flop
67,Maha Samudram,2h 35m,155,2021,Action Drama,Two friends drift apart due to crime and love.,Ajay Bhupathi,"Sharwanand, Siddharth",5,1.2K,1200,9.7,Flop
68,Ramarao On Duty,2h 26m,146,2022,Action,Collector investigates missing people.,Sarath Mandava,Ravi Teja,5,1.8K,1800,8,Flop
69,Regina,2h 10m,130,2022,Thriller,A woman seeks revenge for the murder of her husband.,Domin D'Silva,"Sunainaa, Ananth Nag",5,200,200,0.2,Disaster
70,Extra Ordinary Man,2h 37m,157,2023,Comedy,A junior artist's journey to becoming a hero.,V. Vamsi,"Nithiin, Sreeleela",5,2K,2000,26,Flop
71,Extra,2h 37m,157,2023,Action/Comedy,A junior artist's struggle and accidental heroism.,V. Vamsi,"Nithiin, Sreeleela",5,2K,2000,26,Flop
72,Gully Rowdy,2h 10m,130,2021,Comedy,A reluctant rowdy tries to fulfill family legacy.,G. Nageswara Rao,Sundeep Kishan,5.1,500,500,1.5,Flop
73,Godfather,2h 37m,157,2022,Action,Politics after a CM's death.,Mohan Raja,"Chiranjeevi, Salman Khan",5.1,8.1K,8100,108,Flop
74,The Ghost,2h 18m,138,2022,Action,Ex-agent protects his sister.,Praveen Sattaru,"Nagarjuna, Sonal Chauhan",5.1,4.6K,4600,11,Disaster
75,Induvadana,2h 10m,130,2022,Romance,Historical forest-based romance.,M. Srinivasa,Varun Sandesh,5.1,250,250,1,Disaster
76,Valliddari Madhya,2h 15m,135,2022,Romance,A romantic drama exploring the bond between a couple.,V. N. Aditya,"Viraj Ashwin, Neha Krishna",5.1,150,150,0.3,Disaster
77,Nenu Meeku Baaga...,2h 20m,140,2022,Drama,A man works as a driver to protect a girl he likes.,Sridhar Gade,"Kiran Abbavaram, Sanjana Anand",5.1,1.4K,1400,3,Flop
78,Maya Petlo,2h 10m,130,2022,Comedy,Different stories revolving around a phone.,Rasool Ellore,Viraj Ashwin,5.1,150,150,0.5,Disaster
79,Hunt,2h 05m,125,2022,Thriller,A cop loses his memory while solving a case.,Mahesh Surapaneni,Sudheer Babu,5.1,600,600,3,Flop
80,Circle,2h 15m,135,2023,Thriller,A photographer is falsely accused of murder.,Neelam Krishna,"Sai Ronak, Richa Panai",5.1,200,200,0.2,Disaster
81,Vinaro Bhagyamu Vishnu Katha,2h 18m,138,2023,Romance,A phone call connects two lonely strangers.,Murali Kishor,Kiran Abbavaram,5.1,2.3K,2300,14,Flop
82,Rangabali,2h 15m,135,2023,Action,A youth fights injustice in his hometown.,Pawan Basamsetti,Naga Shaurya,5.1,1.7K,1700,8,Flop
83,Viswam,2h 20m,140,2024,Action,A man protects an orphan girl from a global cartel.,Srinu Vaitla,"Gopichand, Kavya Thapar",5.1,2.4K,2400,15,Flop
84,Dongalunnaru Jagratta,1h 36m,96,2024,Thriller,A thief gets trapped in a high-tech car.,Satish T.,Sri Simha,5.1,450,450,0.4,Disaster
85,Alanaati Ramach...,2h 15m,135,2024,Romance,Love story compared to old epics.,Chilukuri A.,Dingri N.,5.1,150,150,0.2,Disaster
86,Anubhavinchu Raja,2h 20m,140,2021,Comedy,A village lad spends his inheritance recklessly.,S. Gavireddy,Raj Tarun,5.2,450,450,2.1,Flop
87,Ardha Shathabdham,2h 15m,135,2021,Action,A love story turns into a caste-based riot.,Rawindra Pulle,Karthik Rathnam,5.2,250,250,1,Flop
88,Radhe Shyam,2h 18m,138,2022,Romance,A palmist battles against destiny.,Radha Krishna,"Prabhas, Pooja Hegde",5.2,33K,33000,214,Disaster
89,Khiladi,2h 30m,150,2022,Action,A criminal mastermind's heist plan.,Ramesh Varma,"Ravi Teja, Arjun Sarja",5.2,4K,4000,25,Flop
90,7 Days 6 Nights,2h 10m,130,2022,Comedy,Two friends on a bachelor trip.,M.S. Raju,Sumanth Ashwin,5.2,200,200,1,Flop
91,Stand Up Rahul,2h 15m,135,2022,Rom-Com,Stand-up comedian's life.,Santo,Rahul Ramakrishna,5.2,350,350,2,Flop
92,Ranga Ranga Vaibhavanga,2h 20m,140,2022,Romance,Two egoistic neighbors fall in love but refuse to express it.,G. Nagendra,"Panja Vaisshnav Tej, Ketika Sharma",5.2,1.1K,1100,12,Flop
93,Michael,2h 35m,155,2022,Action,A young man rises in the world of gangsters.,Ranjit Jeyakodi,Sundeep Kishan,5.2,2K,2000,12,Flop
94,Slum Dog Husband,2h 10m,130,2022,Comedy,A man is forced to marry a dog for luck.,Dr. Sreedhar,Sanjay Rao,5.2,400,400,2,Flop
95,Saaho (Re-release),2h 50m,170,2023,Action,Re-run of the 2019 blockbuster.,Sujeeth,Prabhas,5.2,100K,100000,0.2,Re-release
96,Sridevi Sobhan Babu,2h 15m,135,2022,Romance,A love story set in a village backdrop.,Praneeth,Santosh Sobhan,5.2,300,300,1,Flop
97,Veekshanam,2h 10m,130,2023,Action,An honest cop fights against a corrupt system.,Sekhar,Newcomers,5.2,80,80,0.1,Disaster
98,Game On,2h 15m,135,2023,Thriller,A chess prodigy trapped in a mind game.,Dayanand,Newcomers,5.2,300,300,0.6,Disaster
99,The Ghost of Gandhi,2h 15m,135,2024,Political,A man's actions are guided by Gandhi's spirit.,K. Murali,"Kishore, Shubhalekha Sudhakar",5.2,100,100,0.1,Disaster
100,Matka,2h 40m,160,2024,Crime,Rise of a gambling kingpin in 1960s Vizag.,Karuna Kumar,Varun Tej,5.2,2.8K,2800,5,Disaster
101,Sebastian P.C. 524,2h 10m,130,2022,Thriller,Night-blind cop on a murder case.,Balaji Sayyapureddy,Nikhil Siddharth,5.3,400,400,2,Flop
102,Good Luck Sakhi,2h 12m,132,2022,Sports,"A girl considered ""unlucky"" shoots.",Nagesh Kukunoor,"Keerthy Suresh, Aadhi",5.3,1.6K,1600,5,Disaster
103,Chor Bazaar,2h 15m,135,2022,Action,Diamond robbery in Hyderabad market.,Jeevan Reddy,Satyadev,5.3,250,250,1,Flop
104,Rudrudu (Dub),2h 30m,150,2023,Action,Man seeks revenge after tragedy.,Kathiresan,Raghava Lawrence,5.3,2.1K,2100,6,Flop
105,Pratidhi,2h 10m,130,2024,Mystery,Investigating a series of high-profile murders in a city.,Unknown,Newcomers,5.3,150,150,0.2,Disaster
106,WWW,2h 00m,120,2021,Cyber Thriller,A group of friends is targeted through a video call.,K.V. Guhan,Adith Arun,5.4,200,200,1.2,Flop
107,Happy Birthday,2h 15m,135,2022,Comedy,Surreal gun-culture comedy.,Ritesh Rana,Lavanya Tripathi,5.4,1.2K,1200,3,Flop
108,Sakalagunabhi Rama,2h 15m,135,2022,Romance,A love triangle story in a modern setting.,V. Srinivas,"V.J. Sunny, Ashrita Vemuganti",5.4,100,100,0.3,Disaster
109,Kushi,2h 45m,165,2023,Romance,A couple marries against parents' wishes.,Shiva Nirvana,Vijay Deverakonda,5.4,8K,8000,74,Average
110,Amigos,2h 19m,139,2023,Action,Three lookalikes meet and face a cartel.,Rajendra Reddy,Kalyan Ram,5.4,1.8K,1800,20,Flop
111,Bhaag Saale,2h 10m,130,2022,Comedy,A man tries to recover a stolen ring.,Praneeth,Sri Simha,5.4,400,400,2,Flop
112,Phalana Abbayi...,2h 25m,145,2022,Romance,A decade-long love story of two people.,Srinivas Avasarala,Naga Shaurya,5.4,900,900,3,Flop
113,Japan (Dub),2h 30m,150,2023,Heist,A quirky thief plans robberies.,Raju Murugan,Karthi,5.4,6.1K,6100,8,Flop
114,Guntur Kaaram,2h 39m,159,2024,Action,A hot-headed man confronts powerful forces tied to his family past.,Trivikram,"Mahesh Babu, Sreeleela",5.4,25K,25000,184,Average
115,Eagle,2h 38m,158,2024,Action,A journalist uncovers a global arms racket linked to a mysterious man.,Karthik G,"Ravi Teja, Anupama P",5.4,1.5K,1500,25,Flop
116,Operation Valentine,2h 04m,124,2024,Action,An Air Force officer combats a major terrorist threat to the nation.,Shakti Pratap,"Varun Tej, Manushi Chhillar",5.4,2K,2000,10,Disaster
117,The Family Star,2h 40m,160,2024,Family,"A middle-class man struggles to balance love, ego, and responsibility.",Parasuram,Vijay Deverakonda,5.4,5.9K,5900,20,Flop
118,Paarijatha Parvam,2h 10m,130,2024,Comedy,A kidnapping plan goes hilariously wrong.,Santosh K.,"Sunil, Shraddha Das",5.4,400,400,1.2,Flop
119,Simbaa,2h 15m,135,2024,Sci-Fi,A mystery involving a transplant of biological memory.,Murali J.,"Anasuya B, Jagapathi Babu",5.4,500,500,1,Disaster
120,Thellavarithe Guruvaram,2h 10m,130,2021,Comedy,A man tries to escape his own wedding.,Manikanth Gelli,Sri Simha,5.5,300,300,1.2,Flop
121,Power Play,2h 10m,130,2021,Thriller,A common man gets trapped in a political conspiracy.,Vijay Kumar,Raj Tarun,5.5,180,180,1.1,Flop
122,Aranya,2h 45m,165,2021,Drama,A man protects forest elephants from encroachment.,Prabhu Solomon,Rana Daggubati,5.5,1.8K,1800,2,Flop
123,Bangarraju,2h 40m,160,2022,Fantasy,A supernatural family entertainer.,Kalyan Krishna,"Nagarjuna, Naga Chaitanya",5.5,2.4K,2400,55,Hit
124,Malli Modalayindi,2h 10m,130,2022,Rom-Com,Finding love after divorce.,TG Keerthi,"Sumanth, Naina Sarma",5.5,400,400,1.5,OTT
125,Dongalunnaru Jagratha,1h 36m,96,2022,Thriller,A man gets trapped inside a high-tech car while stealing it.,Satish K.,"Sri Simha, Samuthirakani",5.5,450,450,0.4,Disaster
126,Custody,2h 28m,148,2023,Action,A constable protects a criminal from a gang.,Venkat Prabhu,Naga Chaitanya,5.5,3.5K,3500,19,Flop
127,Butta Bomma,2h 05m,125,2023,Romance,A girl falls for a voice over the phone.,Shouree,Anikha Surendran,5.5,800,800,6,Flop
128,Kalyanam Kamaneeyam,2h 10m,130,2022,Romance,Life of a jobless husband and working wife.,Anil Kumar A,Santosh Sobhan,5.5,400,400,1.5,Flop
129,Ardham,2h 10m,130,2023,Thriller,A man deals with psychological issues and an old temple.,Manikanta,Rockstar Abhinav,5.5,100,100,0.1,Disaster
130,Gandeevadhari Arjuna,2h 15m,135,2023,Action/Thriller,Bodyguard protects an environment minister.,Praveen Sattaru,Varun Tej,5.5,3.6K,3600,23,Flop
131,Gumraah (Dub),2h 10m,130,2023,Crime,Twin brothers mystery murder.,Vardhan Ketkar,Aditya Roy,5.5,9.5K,9500,6,Flop
132,Om Bheem Bush,2h 15m,135,2024,Comedy,Three friends chase black magic myths in a village with comic chaos.,Sree Harsha K,Sree Vishnu,5.5,1.2K,1200,15,Average
133,Rakshana,2h 15m,135,2024,Thriller,A policewoman uncovers a serial killer's signature.,Prandeep,"Payal Rajput, Roshan",5.5,400,400,0.6,Disaster
134,Tuck Jagadish,2h 25m,145,2021,Family Drama,A man tries to unite his family after father's death.,Shiva Nirvana,"Nani, Ritu Varma",5.6,2.5K,2500,3,Average (OTT)
135,Black,2h 10m,130,2021,Action Thriller,A policeman deals with his doppelganger's crimes.,Kranthi Madhav,Aadi Saikumar,5.6,300,300,1.5,Flop
136,Sarkaru Vaari Paata,2h 41m,161,2022,Action,A loan recovery agent vs a tycoon.,Parasuram,"Mahesh Babu, Keerthy Suresh",5.6,12K,12000,230,Hit
137,Alluri,2h 30m,150,2022,Action,A police officer's journey across various postings.,Pradeep Varma,"Sree Vishnu, Kayadu Lohar",5.6,600,600,1.5,Disaster
138,Tiger Nageswara Rao (Part 2 promo),2h 15m,135,2023,Action,Continuation hint of thief’s legacy.,Vamsee,Ravi Teja,5.6,2.0K,2000,—,N/A
139,Dear Uma,2h 15m,135,2023,Romance,Emotional love story with tragedy.,Sai Rajesh,Sumaya Reddy,5.6,300,300,0.4,Disaster
140,Dream Girl 2 (Dub),2h 13m,133,2023,Comedy,Man disguises as woman again.,Raaj Shaandilyaa,Ayushmann,5.6,20K,20000,14,Average
141,Darling,2h 35m,155,2024,Rom-Com,A man discovers his wife has multiple personalities.,Aswin Raam,"Priyadarshi, Nabha Natesh",5.6,1.5K,1500,6,Flop
142,Konda Polam,2h 22m,142,2021,Adventure,Shepherds protect their flock from forest predators.,Krish,"Vaisshnav Tej, Rakul Preet",5.7,1.1K,1100,5.6,Flop
143,Paagal,2h 15m,135,2021,Rom-Com,A man seeks a mother's love in the women he dates.,Naresh Kuppili,"Vishwak Sen, Nivetha Pethuraj",5.7,1.5K,1500,3.5,Flop
144,SR Kalyanamandapam,2h 25m,145,2021,Rom-Com,A son tries to revive his father's wedding hall.,Sridhar Gade,Kiran Abbavaram,5.7,1.1K,1100,1.5,Hit
145,Hero,2h 35m,155,2022,Action,A youth aspires to be an actor.,Sriram Adittya,"Ashok Galla, Nidhhi Agerwal",5.7,2.2K,2200,8,Flop
146,Godse,2h 25m,145,2022,Political,Kidnapping politicians for answers.,Gopi Ganesh,Satyadev,5.7,1.5K,1500,2,Flop
147,Ravanasura,2h 21m,141,2022,Thriller,A lawyer with a dark secret is a serial killer.,Sudheer Varma,Ravi Teja,5.7,3.8K,3800,24,Flop
148,Nenu Student Sir!,2h 15m,135,2022,Thriller,A student fights to get his lost phone back.,Rakhi Uppalapati,Ganesh Bellamkonda,5.7,500,500,1.2,Flop
149,Ooru Peru Bhairavakona,2h 15m,135,2023,Fantasy,Love story set in a mysterious village.,Vi Anand,Sundeep Kishan,5.7,2.4K,2400,12,Flop
150,Iraivan (Dub),2h 33m,153,2023,Crime,Psycho killer on the loose.,I Ahmed,Jayam Ravi,5.7,4.9K,4900,8,Average
151,Manchi Rojulochaie,2h 25m,145,2021,Comedy,A man tries to overcome fear of neighbors.,Maruthi,"Santosh Sobhan, Mehreen",5.8,1.2K,1200,3.6,Average
152,3C's,2h 15m,135,2021,Comedy Thriller,Three friends get into trouble with a local goon.,Nanda Kishore,Spandana Palli,5.8,150,150,1,Flop
153,Seetimaarr,2h 18m,138,2021,Sports,A coach leads a girl's Kabaddi team to victory.,Sampath Nandi,"Gopichand, Tamannaah",5.8,1.2K,1200,1.8,Average
154,Ichata Vahanamulu Niluparadu,2h 15m,135,2021,Thriller,A man's life changes after parking in a wrong spot.,S. Darshan,Sushanth,5.8,350,350,1.8,Flop
155,Krishna Vrinda Vihari,2h 20m,140,2022,Rom-Com,Family issues in a marriage.,Aneesh Krishna,"Naga Shaurya, Shirley Setia",5.8,2.6K,2600,8,Average
156,Urvasivo Rakshasivo,2h 20m,140,2022,Rom-Com,Modern relationship dynamics.,Rakesh Sashi,"Allu Sirish, Anu Emmanuel",5.8,757,757,4,Average
157,Highway,2h 10m,130,2022,Thriller,Photographer vs serial killer.,K.V. Guhan,"Nithin, Priya",5.8,600,600,1,OTT
158,Bhagavanth Kesari,2h 45m,165,2023,Action,A man protects his niece from a businessman.,Anil Ravipudi,"N. Balakrishna, Sreeleela",5.8,4.5K,4500,130,Super Hit
159,Pindam,2h 38m,158,2023,Horror,A medium helps a family in a haunted house.,Saikiran Daida,Sriram,5.8,900,900,7,Average
160,Manu Charitra,2h 40m,160,2022,Romance,A man struggles with past heartbreaks.,Bharath Pedagani,Shiva Kandukuri,5.8,200,200,0.8,Disaster
161,Geeta Sakshiga,2h 10m,130,2022,Drama,A legal battle for justice.,Anthony,Aadarsh,5.8,150,150,0.2,Disaster
162,Ustaad,2h 15m,135,2023,Drama,A youth's journey with his favorite bike as a metaphor.,Phanideep,"Sri Simha Koduri, Kavya Kalyanram",5.8,300,300,1,Flop
163,Peddha Kapu 1,2h 18m,138,2023,Action,A youth's fight against political tyranny in a village.,Srikanth Addala,Virat Karrna,5.8,300,300,2,Flop
164,Custody (Hindi Dub),2h 15m,135,2023,Action,Witness protection gone wrong.,Venkat Prabhu,Naga Chaitanya,5.8,1.9K,1900,5,Flop
165,Tiger 3 (Dub),2h 35m,155,2023,Action,Spy saves nation again.,Maneesh Sharma,Salman Khan,5.8,48K,48000,25,Hit
166,Mechanic Rocky,2h 20m,140,2024,Action,A youth protects his father's garage from land sharks.,Ravi Teja M.,"Vishwak Sen, Meenakshi C",5.8,3.2K,3200,12,Flop
167,Siddharth Roy,2h 35m,155,2024,Romance,A logic-driven man struggles with emotional love.,V. Yashasvi,"Deepak Saroj, Tanvi Negi",5.8,1.5K,1500,1.5,Disaster
168,Kinnerasani,2h 10m,130,2021,Mystery,A woman searches for her father using a book.,Ramana Teja,Kalyan Dhev,5.9,200,200,1.2,Flop
169,The American Dream,2h 10m,130,2022,Drama,Struggle of an NRI in USA.,Dr. Vignan,Tejaswi Madivada,5.9,150,150,1,OTT
170,Bhairava Kona,2h 15m,135,2023,Thriller,A mystical village hides deadly secrets.,Vi Anand,Bellamkonda Sreenivas,5.9,2.1K,2100,14,Average
171,Bholaa (Dub),2h 25m,145,2023,Action,Prisoner on one-night mission.,Ajay Devgn,Ajay Devgn,5.9,25K,25000,11,Average
172,Orey Bujjiga,2h 30m,150,2021,Rom-Com,A man runs away from home and finds love.,Vijay Kumar,"Raj Tarun, Malvika",6,800,800,2,Average
173,Thank You,2h 09m,129,2022,Drama,An egoistic man realizes his roots.,Vikram Kumar,"Naga Chaitanya, Raashi Khanna",6,1.5K,1500,4,Disaster
174,Saakini Daakini,2h 10m,130,2022,Comedy,Police trainees solve a crime.,Sudheer Varma,"Regina C., Nivetha Thomas",6,980,980,2.5,Flop
175,Gurthunda Seethakalam,2h 15m,135,2022,Romance,A man recounts his past relationships.,Nagashekar,"Satyadev, Tamannaah Bhatia",6,1.2K,1200,3.2,Flop
176,Bro,2h 14m,134,2023,Fantasy,A man gets a second chance at life from Time.,Samuthirakani,"Pawan Kalyan, Sai Tej",6,9K,9000,114,Average
177,Tiger Nageswara Rao,3h 01m,181,2022,Action,Based on the life of a notorious Stuartpuram thief.,Vamsee,Ravi Teja,6,4.2K,4200,48,Average
178,Saindhav,2h 18m,138,2023,Action,A man returns to crime to save his daughter.,Sailesh Kolanu,Venkatesh,6,4K,4000,12,Flop
179,Devara: Part 1,3h 00m,180,2024,Action,A fierce coastal leader rises to protect his people from internal enemies.,Koratala Siva,"Jr. NTR, Janhvi Kapoor",6,23K,23000,443,Super Hit
180,Sundaram Master,2h 15m,135,2024,Comedy,A teacher in a tribal village learns their culture.,Kalyan S.,Harsha Chemudu,6,1.1K,1100,3.5,Flop
181,Wild Dog,2h 10m,130,2021,Action,An NIA agent leads a team to catch a terrorist.,A. Solomon,"Nagarjuna, Dia Mirza",6.1,2.5K,2500,8.2,Average
182,Sridevi Soda Center,2h 34m,154,2021,Drama,A lighting man falls for a girl from a different caste.,Karuna Kumar,Sudheer Babu,6.1,1.4K,1400,1.5,Average
183,Dhamaka,2h 20m,140,2022,Action,A double role identity confusion story.,Trinadha Rao,"Ravi Teja, Sreeleela",6.1,5.6K,5600,110,Blockbuster
184,Aadavallu Meeku Johaarlu,2h 20m,140,2022,Rom-Com,A man struggles with his family.,Kishore Tirumala,"Sharwanand, Rashmika Mandanna",6.1,3.9K,3900,18,Average
185,Bloody Mary,2h 10m,130,2022,Thriller,Three friends witness a crime.,Chandoo Mondeti,Nivetha Pethuraj,6.1,500,500,2,OTT
186,Shekar,2h 30m,150,2022,Thriller,Retired cop solves an organ scam.,Lalith,Rajeev Kanakala,6.1,500,500,2,Flop
187,Waltair Veerayya,2h 40m,160,2023,Action,A smuggler helps a cop nab a drug lord.,Bobby Kolli,"Chiranjeevi, Ravi Teja",6.1,11K,11000,236,Blockbuster
188,Das Ka Dhamki,2h 25m,145,2023,Action,A waiter swaps lives with his rich lookalike.,Vishwak Sen,Vishwak Sen,6.1,2.5K,2500,32,Hit
189,Bubgum,2h 15m,135,2023,Romance,Love story set against Hyderabad backdrop.,Srikanth Nagothi,Roshan Kanakala,6.1,800,800,8,Average
190,Mem Famous,2h 25m,145,2022,Comedy,Village youth want to become famous.,Sumanth Prabhas,Sumanth Prabhas,6.1,700,700,5,Average
191,CSI Sanatan,2h 10m,130,2022,Mystery,Investigating the murder of a CEO.,Sivashankar,Aadi Saikumar,6.1,400,400,1.5,Flop
192,Dochevaru Evarura,2h 10m,130,2023,Comedy,A story of con artists and their hilarious adventures.,Siva Kumar,"Pranava Chandra, Bhanu Sri",6.1,200,200,0.1,Disaster
193,Changure Bangaru Raja,2h 10m,130,2023,Comedy,A thief plans one last robbery.,Satish Varma,Karthik Rathnam,6.1,450,450,1.2,Average
194,Mission Raniganj (Dub),2h 15m,135,2023,Drama,Miner rescue mission.,Tinu Suresh,Akshay Kumar,6.1,14K,14000,5,Average
195,Zara Hatke Zara Bachke (Dub),2h 12m,132,2023,Comedy,Couple buys a house.,Laxman Utekar,Vicky Kaushal,6.1,18K,18000,9,Average
196,Pushpa 2: The Rule,3h 10m,190,2024,Action,Pushpa faces new political and criminal threats as his smuggling empire grows.,Sukumar,"Allu Arjun, Rashmika Mandanna",6.1,65K,65000,"1,742",All-Time Blockbuster
197,Aa Okkati Adakku,2h 10m,130,2024,Comedy,A bachelor's quest for a bride via dating apps.,Malli Ankam,"Allari Naresh, Faria Abdullah",6.1,1.2K,1200,5.2,Flop
198,Swag,2h 35m,155,2024,Satire,A comical take on patriarchy across various eras.,Hasith Goli,"Sree Vishnu, Ritu Varma",6.1,1.2K,1200,3.5,Flop
199,Satyabhama,2h 15m,135,2024,Crime,A female cop reopens a cold case from her past.,Suman C.,"Kajal Aggarwal, Naveen Chandra",6.1,2.1K,2100,4.5,Flop
200,Blood Mary,2h 15m,135,2024,Thriller,Friends witness a murder and get hunted.,Chandoo M.,Nivetha P.,6.1,500,500,0,OTT
201,Eligible Bachelor,2h 15m,135,2021,Rom-Com,A man with 20 matches finds his ideal partner.,Bhaskar,"Akhil Akkineni, Pooja Hegde",6.2,4.4K,4400,51,Super Hit
202,A1 Express,2h 18m,138,2021,Sports,A hockey player fights corporate greed.,D. Kanukolanu,"Sundeep Kishan, Lavanya",6.2,1.9K,1900,3.2,Average
203,Arjuna Phalguna,2h 15m,135,2021,Action,Friends fight to save their village from a dealer.,Teja Marni,"Sree Vishnu, Amritha",6.2,400,400,1.5,Flop
204,Lakshya,2h 30m,150,2021,Sports,An archer deals with personal loss to make a comeback.,D. Kanukolanu,Naga Shaurya,6.2,600,600,2.5,Flop
205,Odela Railway Station,1h 32m,92,2021,Thriller,A mystery surrounding a series of murders in a village.,Ashok Teja,Hebah Patel,6.2,500,500,2,Hit (OTT)
206,Bheemla Nayak,2h 25m,145,2022,Action,Conflict between a cop and an ex-MP.,Saagar Chandra,"Pawan Kalyan, Rana Daggubati",6.2,11K,11000,193,Super Hit
207,Jayamma Panchayathi,2h 15m,135,2022,Drama,Village elder's personal issues.,Vijay Kumar,Suma Kanakala,6.2,352,352,1,Flop
208,Korameenu,2h 10m,130,2022,Drama,Conflict between a notorious SI and a driver.,Sripathy Karri,"Anand Ravi, Kishori Dhatrak",6.2,840,840,0.5,Disaster
209,Hidimbha,2h 10m,130,2023,Mystery,Cops investigate a series of missing girls.,Aneel Kanneganti,Ashwin Babu,6.2,1.4K,1400,16,Average
210,Rudrangi,2h 30m,150,2022,Drama,Conflict between a landlord and workers.,Ajay Samrat,Jagapathi Babu,6.2,350,350,1.5,Flop
211,Pathu Thala (Dub),2h 30m,150,2023,Action,Rise of a feared gangster.,Obeli N Krishna,STR,6.2,8.9K,8900,16,Average
212,Sarangadhariya,2h 15m,135,2024,Family Drama,A middle-class father fights for his family's values.,Padmarao,"Raja Raveendar, Shivani",6.2,500,500,1.1,Flop
213,Gam Gam Ganesha,2h 15m,135,2024,Comedy,Three gangs hunt for a stolen Ganesha statue.,Uday Shetty,"Anand Deverakonda, Pragati",6.2,1.4K,1400,4,Flop
214,Sathi Gani Rendu...,2h 15m,135,2024,Comedy,Man protects land for his daughter’s future.,Abhinav D.,Jagadeesh P.,6.2,100,100,0,OTT
215,Rang De,2h 10m,130,2021,Rom-Com,A childhood rivalry turns into a complicated marriage.,Venky Atluri,"Nithiin, Keerthy Suresh",6.3,2.1K,2100,7.2,Average
216,Pushpaka Vimanam,2h 20m,140,2021,Comedy,A teacher hides the fact that his wife eloped.,Damodara,Anand Deverakonda,6.3,1.1K,1100,0.6,Flop
217,Bedurulanka 2012,2h 25m,145,2023,Comedy,Villagers panic about the 2012 end of world.,Clax,Kartikeya G,6.3,1.1K,1100,15,Hit
218,Annapurna Photo Studio,2h 15m,135,2022,Mystery,A photographer gets into trouble in a village.,Chandu,Chaitanya Rao,6.3,300,300,1,Flop
219,Anni Manchi Sakunamule,2h 35m,155,2023,Family,Two families reunite through weddings and traditions.,BV Nandini Reddy,Santosh Sobhan,6.3,1.1K,1100,18,Average
220,Fukrey 3 (Dub),2h 30m,150,2023,Comedy,Friends land in political mess.,Mrighdeep Lamba,Pulkit Samrat,6.3,15K,15000,12,Average
221,Gaami,2h 27m,147,2024,Adventure,A man with a rare condition travels through mystical terrains for answers.,Vidyadhar K,Vishwak Sen,6.3,2.1K,2100,12,Average
222,Bhoothaddam Bhaskar,2h 15m,135,2024,Mystery,A detective hunts a ritualistic serial killer.,Purushotham,Shiva Kandukuri,6.3,1.1K,1100,4.2,Average
223,Mukhachitram,2h 10m,130,2024,Thriller,A plastic surgeon’s life in a revenge plot.,Gangadhar,Vikas V.,6.3,1.0K,1000,1.1,Flop
224,Varudu Kaavalenu,2h 30m,150,2021,Rom-Com,A picky woman finds love in an architect.,L. Sowjanya,"Naga Shaurya, Ritu Varma",6.4,1.6K,1600,7.5,Average
225,Check,2h 10m,130,2021,Thriller,A prisoner on death row uses chess to escape.,C. Yeleti,"Nithiin, Rakul Preet Singh",6.4,2.7K,2700,3,Flop
226,Mishan Impossible,2h 10m,130,2022,Comedy,Kids try to catch a terrorist.,Swaroop RSJ,Taapsee Pannu,6.4,1.1K,1100,3,Flop
227,Vinaro Bhagyamu...,2h 15m,135,2023,Romance,"Concept of ""Number Neighbors.""",Murali Kishore,Kiran Abbavaram,6.4,1.2K,1200,11,Hit
228,Ramanna Youth,2h 10m,130,2022,Comedy,A youth tries to get a political poster.,Abhai Naveen,Abhai Naveen,6.4,200,200,0.4,Flop
229,Naa Saami Ranga,2h 26m,146,2023,Action,Village head fights political conspiracies.,Vijay Binni,Nagarjuna,6.4,5.2K,5200,58,Hit
230,Calling Sahasra,2h 10m,130,2023,Thriller,Calls meant for a dead woman.,Arun V,Sudigali Sudheer,6.4,1.1K,1100,3.5,Flop
231,Run Baby Run (Dub),2h 10m,130,2023,Thriller,Journalist chased by criminals.,Jiyen Krishnakumar,Mohanlal,6.4,2.3K,2300,6,Average
232,Yevam,2h 15m,135,2024,Mystery,A female SI solves a case involving a psycho killer.,Prakash D.,"Chandini Chowdary, Vasishta",6.4,600,600,0.4,Disaster
233,Jithender Reddy,2h 30m,150,2024,Political,Based on the true story of an influential college leader.,Virinchi Varma,"Rakesh Varre, Vaishali",6.4,300,300,0.8,Flop
234,Uppena,2h 27m,147,2021,Romance,"A fisherman falls for a rich girl, facing brutal opposition.",Buchi Babu Sana,"P. Vaisshnav Tej, Krithi Shetty",6.5,4.6K,4600,100,Blockbuster
235,Red,2h 23m,143,2021,Crime Thriller,A murder case identifies two lookalike suspects.,K. Tirumala,"Ram Pothineni, Malvika Sharma",6.5,2.9K,2900,35.6,Average
236,Thank You Brother,1h 30m,90,2021,Thriller,Two people get stuck in an elevator during lockdown.,Ramesh Raparthi,Anasuya Bharadwaj,6.5,700,700,2,Average (OTT)
237,Super Over,1h 30m,90,2021,Thriller,Friends get into trouble due to cricket betting.,Praveen Varma,Naveen Chandra,6.5,400,400,2,Average
238,Gamanam,2h 00m,120,2021,Anthology,Different lives intersect during a flood in Hyderabad.,Sujana Rao,Shriya Saran,6.5,400,400,1.5,Flop
239,Yashoda,2h 15m,135,2022,Thriller,A surrogate mother uncovers a scam.,Hari-Harish,Samantha Ruth Prabhu,6.5,12K,12000,32,Hit
240,Salaar: Part 1,2h 55m,175,2024,Action,Two friends turn into arch-enemies in Khansaar.,Prashanth Neel,"Prabhas, Prithviraj",6.5,62K,62000,715,Blockbuster
241,Devil,2h 30m,150,2023,Mystery,A British secret agent solves a murder.,Abhishek Nama,Kalyan Ram,6.5,2.2K,2200,31,Flop
242,Ugram,2h 40m,160,2023,Thriller,A cop investigates missing families.,Vijay K,Allari Naresh,6.5,1.8K,1800,14,Average
243,Keedaa Cola,2h 00m,120,2023,Comedy,Friends find a cockroach in a soda bottle.,Tharun Bhascker,Tharun Bhascker,6.5,3.5K,3500,15,Hit
244,Puli Meka,1h 50m,110,2023,Thriller,A serial killer targets police officers.,K. Chakravarthy,"Aadi Saikumar, Lavanya Tripathi",6.5,500,500,1,OTT
245,Ayalaan (Dub),2h 35m,155,2023,Sci-Fi,Alien befriends a village youth.,Ravikumar,Sivakarthikeyan,6.5,4.7K,4700,10,Average
246,Natyam,2h 15m,135,2021,Musical,A dancer preserves a traditional dance.,R. Korukonda,Sandhya Raju,6.6,500,500,0.5,Disaster
247,Virata Parvam,2h 30m,150,2022,Drama,Love story in the Naxal backdrop.,Venu Udugula,"Rana Daggubati, Sai Pallavi",6.6,3.3K,3300,12,Flop
248,Bhamakalapam,2h 14m,134,2022,Thriller,Prying housewife finds a body.,Abhimanyu,Anupama Parameswaran,6.6,1.2K,1200,2,OTT
249,Dasara,2h 36m,156,2023,Action,A man fights for justice in coal mine village.,Srikanth Odela,"Nani, Keerthy Suresh",6.6,12K,12000,120,Blockbuster
250,Mark Antony,2h 30m,150,2023,Action/Comedy,Time travel leads to chaos in the life of a gangster's son.,Adhik Ravichandran,"Vishal, S. J. Suryah",6.6,15K,15000,15,Hit
251,Farhana (Dub),2h 20m,140,2023,Thriller,A woman trapped by social media obsession.,Nelson,Aishwarya Rajesh,6.6,3.4K,3400,2,Average
252,Tillu Square,2h 01m,121,2024,Comedy,Tillu’s chaotic life takes new twists after love and crime collide again.,Mallik Ram,Siddhu Jonnalagadda,6.6,3.6K,3600,128,Blockbuster
253,Bhamakalapam 2,2h 15m,135,2024,Thriller,Housewife gets entangled in high-stakes heist.,Abhimanyu,Priyamani,6.6,1.8K,1800,0,OTT
254,Maestro,2h 15m,135,2021,Crime Thriller,"A ""blind"" piano player witnesses a murder.",M. Gandhi,"Nithiin, Tamannaah",6.7,1.6K,1600,3.5,Hit (OTT)
255,Skylab,2h 30m,150,2021,Sci-Fi Comedy,A village deals with the impact of a falling space station.,V. Khanderao,"Nithya Menen, Satyadev",6.7,800,800,2,Flop
256,Swathimuthyam,2h 10m,130,2022,Drama,Confusion over sperm donation.,Lakshman,Ganesh Bellamkonda,6.7,625,625,3,Average
257,Mangalavaaram,2h 25m,145,2023,Horror,Villagers die on Tuesdays due to a curse.,Ajay Bhupathi,Payal Rajput,6.7,2.1K,2100,22,Hit
258,ATM,2h 10m,130,2023,Crime,Four people from a slum plan a bank robbery.,P. Chandra,"VJ Sunny, Krishna Burugula",6.7,1.1K,1100,1.2,OTT
259,Pathaan (Dub),2h 26m,146,2023,Action,Spy faces rogue agent.,Siddharth Anand,Shah Rukh Khan,6.7,85K,85000,65,Blockbuster
260,Satyaprem Ki Katha (Dub),2h 26m,146,2023,Romance,Emotional marital drama.,Sameer Vidwans,Kartik Aaryan,6.7,22K,22000,10,Average
261,BFH,2h 10m,130,2024,Romance,Business of being a “Boyfriend for Hire.”,Santosh K.,Viswant D.,6.7,200,200,0.8,Disaster
262,Akhanda,2h 47m,167,2021,Action,A fierce devotee of Shiva protects his family and land.,Boyapati Srinu,"N. Balakrishna, Pragya Jaiswal",6.8,21K,21000,133.2,Super Hit
263,Love Story,2h 35m,155,2021,Romance,Two dancers struggle against caste and social barriers.,Sekhar Kammula,"Naga Chaitanya, Sai Pallavi",6.8,4.9K,4900,60,Hit
264,Ayyare,2h 10m,130,2021,Drama,A satirical take on self-proclaimed godmen.,Sagar Chandra,Rajendra Prasad,6.8,200,200,1.5,Average
265,Kapatadhaari,2h 15m,135,2021,Thriller,A traffic cop discovers old bones and reopens a case.,Pradeep Krishnamoorthy,Sumanth,6.8,650,650,3.5,Average
266,Bimbisara,2h 26m,146,2022,Fantasy,Ancient king travels to modern day.,Mallidi Vasishta,"N. Kalyan Ram, Catherine Tresa",6.8,8.3K,8300,65,Blockbuster
267,Pareshan,2h 00m,120,2023,Comedy,Life of friends in a Singareni backdrop.,Rupak Ronaldson,Thiruveer,6.8,500,500,3,Average
268,Martin Luther King,2h 15m,135,2023,Political,A common man's vote becomes crucial.,Puja Kolluru,Sampoornesh Babu,6.8,600,600,1.5,Average
269,Raghavendra Stores,2h 10m,130,2023,Comedy,A middle-aged bachelor desperately seeks a wife.,Santosh Shobhan,"Santosh Sobhan, Varsha Bollamma",6.8,400,400,1,OTT
270,Prema Vimanam,2h 15m,135,2023,Romance,Two kids dream of flying in a plane; a couple falls in love.,Santosh Kata,"Newcomers, Saanve Megghana",6.8,300,300,1,OTT
271,Polimera 2,2h 10m,130,2023,Horror,Revenge through black magic.,Anil Vishwanath,Satyam Rajesh,6.8,1.1K,1100,7,Hit
272,Kathal (Dub),1h 55m,115,2023,Satire,Police search for missing jackfruits.,Yashowardhan,Sanya Malhotra,6.8,8.3K,8300,3,Average
273,Vadhuvu,2h 00m,120,2024,Thriller,A newlywed bride uncovers dark secrets in her new home.,Poluru N.,"Avika Gor, Nanda Kishore",6.8,2.1K,2100,0,OTT
274,Janaka Aithe Ganaka,2h 15m,135,2024,Comedy,A middle-class man sues a condom company.,Sandeep Reddy,"Suhas, Sangeerthana",6.8,1.1K,1100,3,Flop
275,Krishnamma,2h 20m,140,2024,Action,Three orphans get trapped in a criminal case.,VV Gopala,"Satyadev, Athira Raj",6.8,1.2K,1200,4,Average
276,Vakeel Saab,2h 34m,154,2021,Legal Drama,A lawyer defends three women against a powerful man.,Venu Sriram,"Pawan Kalyan, Nivetha Thomas",6.9,13K,13000,137.6,Super Hit
277,Krack,2h 34m,154,2021,Action,A tough cop deals with three notorious criminals.,G. Malineni,"Ravi Teja, Shruti Haasan",6.9,7.7K,7700,70.6,Blockbuster
278,Itlu Maredumilli Prajaneekam,2h 03m,123,2022,Drama,Election officer in tribal area.,A.R. Mohan,"Allari Naresh, Anandhi",6.9,600,600,3,Flop
279,Maa Oori Polimera 2,2h 10m,130,2023,Horror,Dark secrets of a village and black magic.,Anil Viswanath,Satyam Rajesh,6.9,2K,2000,18,Blockbuster
280,Kotabommali PS,2h 15m,135,2023,Thriller,Cops on the run from the law.,Teja Marni,Sri Vishnu,6.9,1K,1000,8,Hit
281,Natho Nenu,2h 10m,130,2023,Drama,A story about human values and relationships.,Santosh,"Naresh, Srinivas Avasarala",6.9,100,100,0.1,Disaster
282,Kota Bommali PS,2h 15m,135,2023,Thriller,Cops on the run from a political manhunt.,Teja Marni,"Sri Vishnu, Rahul Vijay",6.9,1K,1000,8,Hit
283,Atharva,2h 10m,130,2023,Crime,Forensic expert solves a murder.,Mahesh Reddy,Karthik Raju,6.9,900,900,1.8,Average
284,Animal (Dub),3h 21m,201,2023,Action/Drama,Toxic father-son relationship.,Sandeep Reddy Vanga,Ranbir Kapoor,6.9,95K,95000,85,Blockbuster
285,Merry Christmas (Dub),2h 24m,144,2023,Thriller,Two strangers meet on Christmas Eve.,Sriram Raghavan,Vijay Sethupathi,6.9,7.2K,7200,6,Average
286,Rocky Aur Rani (Dub),2h 48m,168,2023,Romance,Love across cultural families.,Karan Johar,Ranveer Singh,6.9,35K,35000,16,Hit
287,Sharathulu Varthisthai,2h 10m,130,2024,Social Drama,A man fights for his consumer rights in a corrupt city.,Kumaraswamy,"Chaitanya Rao, Bhoomi",6.9,500,500,0.5,Flop
288,Zombie Reddy,2h 05m,125,2021,Horror Comedy,A zombie outbreak strikes a faction-ridden village.,P. Varma,"Teja Sajja, Anandhi",7,5.3K,5300,8,Hit
289,Miss Shetty Mr Polishetty,2h 30m,150,2023,Rom-Com,An unlikely bond between a chef and a comic.,Mahesh Babu P,Naveen Polishetty,7,4.8K,4800,52,Blockbuster
290,Intinti Ramayanam,2h 15m,135,2023,Comedy,A middle-class family comedy of errors during a crisis.,Suresh,"Rahul Ramakrishna, Navya Swamy",7,600,600,2,Average
291,Bhoothaddam Bhaskar Narayana,2h 15m,135,2023,Thriller,Investigator hunts a serial killer.,Purushotham Raaj,Shiva Kandukuri,7,1.4K,1400,6,Hit
292,Kalki 2898 AD,3h 01m,181,2024,Sci-Fi,A futuristic battle between good and evil inspired by Indian mythology.,Nag Ashwin,"Prabhas, Amitabh Bachchan",7,74K,74000,"1,052",Blockbuster
293,Mathu Vadalara 2,2h 20m,140,2024,Comedy,Babu and Yesu return with bigger crimes and crazier consequences.,Ritesh Rana,"Sri Simha, Satya",7,1.9K,1900,35,Hit
294,Lineman,2h 10m,130,2024,Rural,Lineman refuses power for political party.,Raghu S.,Thrigun,7,300,300,0.4,Flop
295,Raayan (Dub),2h 25m,145,2024,Action,Family man protects kin from gangs.,Dhanush,Dhanush,7,20K,20000,18,Hit
296,Thimmarusu,2h 10m,130,2021,Legal Thriller,A lawyer reopens a case to clear an innocent man.,S. Koppisetty,"Satyadev, Priyanka Jawalkar",7.1,1.8K,1800,6.5,Average
297,Aakashavaani,2h 10m,130,2021,Drama,A remote tribe discovers a radio and thinks it's God.,Ashwin Gangaraju,Samuthirakani,7.1,450,450,2,Average
298,18 Pages,2h 15m,135,2022,Romance,A girl who only uses paper diaries.,Palnati Pratap,"Nikhil Siddharth, Anupama P.",7.1,3.2K,3200,23,Hit
299,Writer Padmabhushan,2h 03m,123,2022,Comedy,A writer's struggle for recognition.,Shanmukha,Kiran Abbavaram,7.1,3K,3000,12,Hit
300,Ori Devuda,2h 28m,148,2022,Fantasy,A second chance at marriage life.,Ashwath Marimuthu,"Vishwak Sen, Mithila Palkar",7.1,1.4K,1400,10,Average
301,Baby,2h 55m,175,2022,Romance,A triangular love story exploring modern youth.,Sai Rajesh,Anand Deverakonda,7.1,5K,5000,92,Blockbuster
302,Jailer (Dub),2h 48m,168,2023,Action,Retired jailer hunts for his missing son.,Nelson,Rajinikanth,7.1,60K,60000,95,Blockbuster
303,Dunki (Dub),2h 41m,161,2023,Comedy/Drama,Illegal immigration struggles.,Rajkumar Hirani,Shah Rukh Khan,7.1,60K,60000,30,Hit
304,Fight Club (Dub),2h 15m,135,2023,Sports,Underground boxing drama.,Abbas A Rahmath,Vijay Kumar,7.1,2.6K,2600,3,Hit
305,Saripodhaa Sanivaaram,2h 50m,170,2024,Action,A man follows a strict rule of fighting injustice only on Saturdays.,Vivek Athreya,"Nani, Priyanka Arulmohan",7.1,13K,13000,100,Super Hit
306,The Goat Life (Dub),2h 52m,172,2024,Drama,A man trapped abroad struggles to survive harsh desert slavery.,Blessy,Prithviraj Sukumaran,7.1,50K,50000,10,Hit
307,Zebra,2h 40m,160,2024,Thriller,A bank employee gets trapped in money laundering.,Eashvar K.,"Satyadev, Dhananjaya",7.1,1.4K,1400,6,Average
308,Ek Mini Katha,2h 10m,130,2021,Adult Comedy,A man deals with psychological issues regarding his size.,Karthik Rapolu,Santosh Sobhan,7.2,3.3K,3300,2.5,Hit (OTT)
309,Mail,2h 00m,120,2021,Indie Drama,A village youth gets obsessed with his first email.,Uday Gurrala,Priyadarshi,7.2,416,416,2,Hit (OTT)
310,HIT: The 2nd Case,2h 00m,120,2022,Crime,Detective hunts a serial killer.,Sailesh Kolanu,"Adivi Sesh, Meenakshi Chaudhary",7.2,11K,11000,42,Super Hit
311,DJ Tillu,2h 01m,121,2022,Comedy,A local DJ gets into a crime mess.,Vimal Krishna,Siddhu Jonnalagadda,7.2,4.2K,4200,31,Super Hit
312,Masooda,2h 40m,160,2022,Horror,A neighbor helps a possessed girl.,Sai Kiran,"Thiruveer, Sangeetha",7.2,1.8K,1800,13,Blockbuster
313,Gaalodu,2h 15m,135,2022,Action,A runaway falls for a rich girl.,Rajasekhar,Sudigali Sudheer,7.2,400,400,9,Hit
314,Virupaksha,2h 25m,145,2023,Thriller,Mysterious deaths plague a cursed village.,Karthik Varma,Sai Dharam Tej,7.2,11K,11000,103,Blockbuster
315,MAD,2h 10m,130,2023,Comedy,Hilarious antics of three college friends.,Kalyan Shankar,Narne Nithin,7.2,3K,3000,21,Blockbuster
316,Matti Kusthi,2h 20m,140,2023,Sports/Drama,A wife challenges her husband to a wrestling match.,Chella Ayyavu,"Vishnu Vishal, Aishwarya Lekshmi",7.2,3.5K,3500,3,Average
317,Jawan (Dub),2h 49m,169,2023,Action,A man seeks revenge for past injustices.,Atlee,"Shah Rukh Khan, Nayanthara",7.2,162K,162000,65,Blockbuster
318,Leo (Dub),2h 44m,164,2023,Action,A normal family man's past catches up to him.,Lokesh Kanagaraj,"Vijay, Trisha Krishnan",7.2,53K,53000,70,Blockbuster
319,Yaathisai (Dub),2h 15m,135,2023,Period,Ancient tribal war for survival.,Dharani Rajendran,Shakti Mithran,7.2,2.8K,2800,3,Hit
320,Mark Antony (Dub),2h 30m,150,2023,Sci-Fi,Time-travel via phone calls.,Adhik Ravichandran,Vishal,7.2,11K,11000,20,Hit
321,The Birthday Boy,2h 10m,130,2024,Suspense,A celebration goes dark after a tragic accident.,Whisky,"Mani, Raja, Vikranth",7.2,800,800,2.5,Average
322,Razakar,2h 30m,150,2024,Historical,The struggle of Hyderabad under Nizam rule.,Yata Satya,"Bobby Simha, Vedhika",7.2,1.8K,1800,8.5,Average
323,Bahumukham,2h 10m,130,2024,Thriller,An aspiring actor with a dark secret seeks fame.,Harshiv K.,"Harshiv Karthik, Swarnima",7.2,350,350,1.1,Average
324,Sreekaram,2h 12m,132,2021,Drama,An IT professional quits his job to revive farming.,Kishor B.,"Sharwanand, Priyanka Mohan",7.3,3.5K,3500,6.8,Average
325,Sir (Vaathi),2h 19m,139,2023,Drama,A teacher fights against education commercialization.,Venky Atluri,"Dhanush, Samyuktha",7.3,20K,20000,118,Blockbuster
326,Vaathi (Dub),2h 19m,139,2023,Social Drama,Education mafia exposed by a teacher.,Venky Atluri,Dhanush,7.3,19K,19000,22,Hit
327,Pottel,2h 20m,140,2024,Drama,A shepherd fights for his daughter's education.,Sahit M.,"Yuva Chandra, Ananya Nagalla",7.3,1.8K,1800,4,Average
328,Jathi Ratnalu,2h 25m,145,2021,Comedy,Three simpletons get entangled in a political conspiracy.,Anudeep KV,"Naveen Polishetty, Faria Abdullah",7.4,8.8K,8800,70,Blockbuster
329,Senapathi,2h 00m,120,2021,Thriller,A senior police officer gets into a game of cat and mouse.,Pavan Sadineni,Rajendra Prasad,7.4,1.2K,1200,2.8,Hit (OTT)
330,Ashoka Vanamlo Arjuna,2h 25m,145,2022,Drama,Struggle of a middle-aged bachelor.,Vidya Sagar,"Vishwak Sen, Ritika Nayak",7.4,2K,2000,10,Hit
331,Samajavaragamana,2h 20m,140,2023,Comedy,A man tries to fix his family's complex ties.,Ram Abbaraju,Sree Vishnu,7.4,4K,4000,50,Blockbuster
332,Vimanam,2h 15m,135,2023,Drama,A father's dream to make his son fly in a plane.,Siva Prasad,"Samuthirakani, Rahul Ramakrishna",7.4,1K,1000,4,Average
333,Blue Star (Dub),2h 40m,160,2023,Sports Drama,Caste politics in cricket.,Jayakumar,Ashok Selvan,7.4,3.2K,3200,4,Hit
334,Music Shop Murthy,2h 15m,135,2024,Musical Drama,A 50-year-old man chases his dream of being a DJ.,Siva Paladugu,"Ajay Ghosh, Chandini Chowdary",7.4,800,800,0.8,Average
335,Adbhutham,2h 10m,130,2021,Fantasy,Two strangers with same phone numbers connect.,Mallik Ram,"Teja Sajja, Shivani",7.5,1.9K,1900,2.5,Hit (OTT)
336,The Life of Muthu,2h 50m,170,2022,Action,The journey of a low-caste man into the underworld.,Gautham Menon,"Silambarasan TR, Siddhi Idnani",7.5,4.2K,4200,4.5,Average
337,Month of Madhu,2h 45m,165,2023,Drama,Two people named Madhu meet at a crossroads.,Srikanth N,Naveen Chandra,7.5,800,800,1,Flop
338,Boys Hostel (Dub),2h 20m,140,2023,Comedy,Hilarious events inside a hostel.,Nithin K,Newcomers,7.5,2K,2000,5,Hit
339,Hostel Boys,2h 20m,140,2023,Comedy,Events in a college hostel over one night.,Nithin Krishnamurthy,Newcomers,7.5,2K,2000,5,Hit
340,OMG 2 (Dub),2h 35m,155,2023,Social Drama,Court case on sex education.,Amit Rai,Akshay Kumar,7.5,40K,40000,18,Hit
341,Yatra 2,2h 10m,130,2024,Political,The political journey of Y.S. Jagan Mohan Reddy.,Mahi V Raghav,"Mammootty, Jiiva",7.5,2.1K,2100,13,Average
342,Dacoit,2h 15m,135,2024,Romance,A rustic love story in the middle of a war.,Shaneil Deo,"Adivi Sesh, Shruti Haasan",7.5,2K,2000,5,Average
343,Pushpa: The Rise,2h 59m,179,2021,Action,A laborer rises in a red sandalwood smuggling ring.,Sukumar,"Allu Arjun, Rashmika Mandanna",7.6,100K,100000,370,Blockbuster
344,Shyam Singha Roy,2h 37m,157,2021,Supernatural,A filmmaker recalls his past life as a revolutionary.,R. Sankrityan,"Nani, Sai Pallavi",7.6,18K,18000,65,Hit
345,Narappa,2h 35m,155,2021,Action Drama,A farmer protects his son after a violent act.,Srikanth Addala,"Venkatesh, Priyamani",7.6,4.4K,4400,6.2,Hit (OTT)
346,Ante Sundaraniki,2h 56m,176,2022,Rom-Com,An inter-faith couple's lie.,Vivek Athreya,"Nani, Nazriya Nazim",7.6,9.5K,9500,38,Average
347,Panchatantram,2h 15m,135,2022,Anthology,Five stories of life and senses.,Harsha Pulipaka,Brahmanandam,7.6,700,700,1,Flop
348,Committee Kurrollu,2h 15m,135,2024,Drama,Politics and friendship among village youth.,Yadu Vamsi,"Sandeep Saroj, P. Prasad",7.6,2.5K,2500,18.2,Super Hit
349,Ponniyin Selvan (Dub),2h 47m,167,2022,History,Power struggle for Chola empire throne.,Mani Ratnam,Vikram,7.6,32K,32000,25,Super Hit
350,Sir (Dub),2h 19m,139,2023,Drama,Teacher reforms an underprivileged school.,Venky Atluri,Dhanush,7.7,21K,21000,25,Hit
351,Hanu-Man,2h 38m,158,2024,Superhero,A village youth gains divine powers inspired by Lord Hanuman.,Prasanth Varma,"Teja Sajja, Amritha Aiyer",7.7,30K,30000,296,Blockbuster
352,Republic,2h 32m,152,2021,Political,A young IAS officer fights political corruption.,Deva Katta,"Sai Dharam Tej, Aishwarya Rajesh",7.8,4.2K,4200,11.5,Average
353,Naandhi,2h 25m,145,2021,Crime,A prisoner seeks justice after 5 years of wrongful arrest.,V. Kanakamedala,"Allari Naresh, Varalaxmi",7.8,4.9K,4900,8.5,Hit
354,Cinema Bandi,1h 38m,98,2021,Indie Comedy,A driver finds a camera and makes a village film.,Praveen Kandregula,Sandeep Varanasi,7.8,3.3K,3300,4,Hit (OTT)
355,Raja Raja Chora,2h 20m,140,2021,Crime Comedy,A small-time thief gets caught in a police setup.,Hasith Goli,Sree Vishnu,7.8,2.4K,2400,3,Hit
356,RRR,3h 07m,187,2022,Action,Revolutionaries fight British rule.,S.S. Rajamouli,"N.T. Rama Rao Jr., Ram Charan",7.8,196K,196000,1251,Industry Hit
357,Karthikeya 2,2h 25m,145,2022,Thriller,Searching for Lord Krishna's anklet.,Chandoo Mondeti,"Nikhil Siddharth, Anupama Parameswaran",7.8,65K,65000,121,Blockbuster
358,Oke Oka Jeevitham,2h 40m,160,2022,Sci-Fi,Time travel to fix the past.,Shree Karthick,"Sharwanand, Ritu Varma",7.8,3.5K,3500,22,Hit
359,Rangamarthanda,2h 35m,155,2023,Drama,Life of a veteran stage actor after retirement.,Krishna Vamsi,Prakash Raj,7.8,1.5K,1500,10,Average
360,Love Today (Dub),2h 34m,154,2023,Romance,Couple swaps phones before marriage.,Pradeep Ranganathan,Pradeep,7.8,18K,18000,20,Hit
361,Maamannan (Dub),2h 35m,155,2023,Political Drama,Oppressed fight caste politics.,Mari Selvaraj,Vadivelu,7.8,17K,17000,14,Hit
362,Mangalyam,2h 10m,130,2024,Drama,Emotional weight of marriage vows.,Shiva,Ravir Verma,7.8,150,150,0.4,Flop
363,Balagam,2h 11m,131,2023,Rural Drama,A death in the family reveals hidden emotions.,Venu Yeldandi,Priyadarshi,7.9,4.6K,4600,28,Blockbuster
364,Dada (Dub),2h 15m,135,2023,Drama,A young father raises his child alone.,Ganesh K Babu,Kavin,7.9,14K,14000,18,Hit
365,Parking (Dub),2h 10m,130,2023,Thriller,Ego clash over a parking space.,Ramkumar,Harish Kalyan,7.9,5.8K,5800,6,Hit
366,Jigarthanda DoubleX (Dub),2h 50m,170,2023,Action,Filmmaker meets a gangster.,Karthik Subbaraj,Raghava Lawrence,8,18K,18000,18,Hit
367,Lucky Baskhar,2h 30m,150,2024,Crime,A middle-class bank employee gets pulled into a risky financial crime.,Venky Atluri,Dulquer Salmaan,8,40K,40000,113,Blockbuster
368,Drushyam 2,2h 35m,155,2021,Thriller,Rambabu attempts to save his family from past secrets.,Jeethu Joseph,"Venkatesh, Meena",8.1,2.2K,2200,5.5,Hit (OTT)
369,Maa Oori Polimera,2h 00m,120,2021,Mystery,A policeman uncovers black magic in a village.,Anil Viswanath,Satyam Rajesh,8.1,84,84,2,Hit (OTT)
370,Major,2h 30m,150,2022,Biography,Life of Major Sandeep Unnikrishnan.,Sashi Kiran,"Adivi Sesh, Prakash Raj",8.1,34K,34000,64,Hit
371,Neru (Dub),2h 30m,150,2023,Court Drama,Blind sculptor seeks justice.,Jeethu Joseph,Mohanlal,8.1,22K,22000,9,Hit
372,KA,2h 40m,160,2024,Mystery,A man with a mysterious identity uncovers shocking truths about himself.,Sujith-Sandeep,Kiran Abbavaram,8.1,3.1K,3100,38,Hit
373,Amaran (Dub),2h 45m,165,2024,Action,The life of a brave soldier who sacrifices everything for the nation.,Rajkumar P,"Sivakarthikeyan, Sai Pallavi",8.1,23K,23000,45*,Blockbuster
374,Kantara (Dub),2h 30m,150,2022,Action,Human-nature conflict in sacred forest.,Rishab S.,Rishab Shetty,8.1,115K,115000,42,Blockbuster
375,Hi Nanna,2h 35m,155,2023,Family,A single father's life changes with a stranger.,Shouryuv,"Nani, Mrunal Thakur",8.2,15K,15000,76,Super Hit
376,KGF 2 (Dub),2h 48m,168,2022,Action,Rocky’s empire faces new enemies.,Prashanth N.,Yash,8.2,166K,166000,100,Blockbuster
377,The Great Indian Kitchen,1h 40m,100,2023,Drama,A newlywed woman's struggle with misogyny.,Jeo Baby,"Nimisha Sajayan, Suraj Venjaramoodu",8.3,7.4K,7400,0.2,OTT
378,Manjummel Boys (Dub),2h 15m,135,2024,Survival,Friends from Kerala get trapped in Guna Caves.,Chidambaram,"Soubin Shahir, Sreenath Bhasi",8.3,55K,55000,12,Blockbuster
379,Vikram (Dub),2h 55m,175,2022,Action,Black ops squad hunts drug cartel.,Lokesh K.,Kamal Haasan,8.3,88K,88000,35,Blockbuster
380,Viduthalai (Dub),2h 30m,150,2023,Crime/Drama,Police brutality in tribal regions.,Vetrimaaran,Soori,8.4,25K,25000,10,Hit
381,Sita Ramam,2h 43m,163,2022,Romance,A soldier's letter changes lives.,H. Raghavapudi,"Dulquer Salmaan, Mrunal Thakur",8.5,82K,82000,94,Blockbuster
382,Sapta Sagaralu Dhaati (Side A – Dub),2h 22m,142,2023,Romance,Love tested by time and sacrifice.,Hemanth Rao,Rakshit Shetty,8.5,22K,22000,12,Hit
383,12th Fail (Dub),2h 27m,147,2023,Biography,IPS officer’s inspirational journey.,Vidhu Vinod Chopra,Vikrant Massey,9,120K,120000,8,Blockbuster
,,,,2023,Biography,IPS officer’s inspirational journey.,Vidhu Vinod Chopra,Vikrant Massey,9,120K,120000,8,Blockbuster
,,,,,,,,,,,0,,
